Restaurant,City,Category
Spice Hub,Mumbai,Indian
Ocean Delight,Chennai,Seafood
Burger Town,Delhi,Italian
Pizza Palace,Hyderabad,Healthy
Green Bowl,Kolkata,Indian
Tandoori Nights,Pune,Japanese
Sushi Zen,Kochi,South Indian
Curry Leaf,Ahmedabad,BBQ
BBQ Nation,Jaipur,Café
Café Mocha,Lucknow,Multi Cuisine
Food Fiesta,Patna,Biriyani
Royal Biryani,Gao,Mexican
Street Tacos,Surat,Chinese
Noodle House,Indore,Vegetarian
Grill Master,Nagpur,BBQ
Pasta Point,Mysore,Italian
Dosa Coner,Trivandrum,South Indian
Urban Café,Noida,Café
Fire Wings,Visakhapatnam,Fast Food
